Human Id,Puzzle,Stickers?,Notes,Barcode,Duplicate Check,Checkout name,Checkout emoji,Price
Pringles - APPLE & ANCHOVY,Pringles,true,,57302240527,,Pringles - Apple & Anchovy,ğŸ, Â£9.99
Pringles - BACON & BLUEBERRY,Pringles,true,,56677010616,,Pringles - Bacon & Blueberry,ğŸ¥“, Â£9.99
Pringles - BLACK PUDDING & RUM,Pringles,true,,59749910396,,Pringles - Black Pudding & Rum,ğŸ®, Â£9.99
Pringles - BLACKCURRANT,Pringles,true,,52099584023,,Pringles - Blackcurrant,ğŸ‡, Â£9.99
Pringles - BUBBLEGUM,Pringles,true,,51049035540,,Pringles - Bubblegum,ğŸ¬, Â£9.99
Pringles - CARROT & CHIVE,Pringles,true,,56959482109,,Pringles - Carrot & Chive,ğŸ¥•, Â£9.99
Pringles - CARROTS & DAIKON,Pringles,true,,50793552677,,Pringles - Carrots & Daikon,ğŸ¥•, Â£9.99
Pringles - CHILLI & CARDAMOM,Pringles,true,,59344808503,,Pringles - Chilli & Cardamom,ğŸŒ¶ï¸, Â£9.99
Pringles - CINAMMON & REDCURRANT,Pringles,true,,53719101946,,Pringles - Cinammon & Redcurrant,âœ¨, Â£9.99
Pringles - EGG & CRESS,Pringles,true,,51604998593,,Pringles - Egg & Cress,ğŸ¥š, Â£9.99
Pringles - GANGLAND,Pringles,true,,55715376075,,Pringles - Gangland,ğŸ•µï¸, Â£9.99
Pringles - HAM & CHEESE,Pringles,true,,51826487992,,Pringles - Ham & Cheese,ğŸ–, Â£9.99
Pringles - KIWI & KOALA,Pringles,true,,59993259495,,Pringles - Kiwi & Koala,ğŸ¥, Â£9.99
Pringles - MARMOT,Pringles,true,,51052505002,,Pringles - Marmot,ğŸ¿ï¸, Â£9.99
Pringles - NUT,Pringles,true,,55950226934,,Pringles - Nut,ğŸ¥œ, Â£9.99
Pringles - OLIVE & RICOTTA,Pringles,true,,58174194722,,Pringles - Olive & Ricotta,ğŸ«’, Â£9.99
Pringles - PEAR & GIN,Pringles,true,,52330177833,,Pringles - Pear & Gin,ğŸ, Â£9.99
Pringles - PLOUGHMAN'S SANDWICH,Pringles,true,,54666953450,,Pringles - Ploughman's Sandwich,ğŸ¥ª, Â£9.99
Pringles - PORK & PINEAPPLE,Pringles,true,,52162349818,,Pringles - Pork & Pineapple,ğŸ–, Â£9.99
Pringles - RED HERRING,Pringles,true,,51714639799,,Pringles - Red Herring,ğŸŸ, Â£9.99
Pringles - SALTED MANGO,Pringles,true,,55955614963,,Pringles - Salted Mango,ğŸ¥­, Â£9.99
Pringles - SMURF,Pringles,true,,53552222562,,Pringles - Smurf,ğŸ‘¤, Â£9.99
Pringles - SOY SAUCE,Pringles,true,,58463963615,,Pringles - Soy Sauce,ğŸ¶, Â£9.99
Pringles - STICKY TOFFEE PUDDING,Pringles,true,,53233136428,,Pringles - Sticky Toffee Pudding,ğŸ®, Â£9.99
Pringles - STRAWBERRY & SHALLOT,Pringles,true,,58858307222,,Pringles - Strawberry & Shallot,ğŸ“, Â£9.99
Pringles - SWEET POTATO & SWEET PEA,Pringles,true,,56459173249,,Pringles - Sweet Potato & Sweet Pea,ğŸ , Â£9.99
Pringles - VANILLA,Pringles,true,,52345396642,,Pringles - Vanilla,ğŸ¦, Â£9.99
Tea - Real 1,Barcode Tea Halves,false," Needs custom, larger barcode",73471250365,,,â˜•, Â£9.99
Tea - Real 2,Barcode Tea Halves,false," Needs custom, larger barcode",73794136875,,,â˜•, Â£9.99
Tea - Real 3,Barcode Tea Halves,false," Needs custom, larger barcode",79562546486,,,â˜•, Â£9.99
Tea - Fake 1,Barcode Tea Halves,false," Needs custom, larger barcode",78655479036,,,âŒ, Â£9.99
Tea - Fake 2,Barcode Tea Halves,false," Needs custom, larger barcode",75254280275,,,âŒ, Â£9.99
Tea - Fake 3,Barcode Tea Halves,false," Needs custom, larger barcode",70109130377,,,âŒ, Â£9.99
Toy - Mouse,Stuffed toy bargain bin,true,,18318168487,,Mouse,ğŸ, Â£9.99
Toy - Kiwi,Stuffed toy bargain bin,true,,18219486339,,Kiwi,ğŸ¥, Â£9.99
Toy - Bat,Stuffed toy bargain bin,true,,10041577460,,Bat,ğŸ¦‡, Â£9.99
Toy - Dog with sweatband,Stuffed toy bargain bin,false,,16372542937,,Dog with sweatband,ğŸ¶, Â£9.99
Toy - Frog,Stuffed toy bargain bin,false,,15072691904,,Frog,ğŸ¸, Â£9.99
Toy - St. Bernard,Stuffed toy bargain bin,false,,11309645918,,St. Bernard,ğŸ•, Â£9.99
Toy - Blue duck,Stuffed toy bargain bin,false,,17022392397,,Blue duck,ğŸ¦†, Â£9.99
Toy - Fox shaped like racoon,Stuffed toy bargain bin,false,,15600293757,,Fox shaped like racoon,ğŸ¦Š, Â£9.99
Toy - Macaw,Stuffed toy bargain bin,false,,10105161154,,Macaw,ğŸ¦œ, Â£9.99
Toy - Multicoloured Fish,Stuffed toy bargain bin,false,,19202467553,,Multicoloured Fish,ğŸ , Â£9.99
Toy - Rabbit with rabbit feet (yellow),Stuffed toy bargain bin,false,,13623827249,,Rabbit with rabbit feet (yellow),ğŸ°, Â£9.99
Toy - Rabbit with rabbit feet (green),Stuffed toy bargain bin,false,,12701699288,,Rabbit with rabbit feet (green),ğŸ‡, Â£9.99
Toy - Very soft dog,Stuffed toy bargain bin,false,,15602453187,,Very soft dog,ğŸ§¸, Â£9.99
Toy - Big Kangaroo,Stuffed toy bargain bin,false,,13746422312,,Big Kangaroo,ğŸ¦˜, Â£9.99
Toy - Elephant with straggly hair,Stuffed toy bargain bin,false,,14612665041,,Elephant with straggly hair,ğŸ˜, Â£9.99
Toy - Purple Poodle,Stuffed toy bargain bin,false,,19093346029,,Purple Poodle,ğŸ©, Â£9.99
Toy - Soft Meercat,Stuffed toy bargain bin,false,,10543266723,,Soft Meercat,ğŸ¦¦, Â£9.99
Toy - Tiger,Stuffed toy bargain bin,false,,14600254365,,Tiger,ğŸ…, Â£9.99
Toy - Husky,Stuffed toy bargain bin,false,,18665582427,,Husky,ğŸº, Â£9.99
Toy - Black Dog Merlin,Stuffed toy bargain bin,false,,11273524340,,Black Dog Merlin,ğŸ–¤, Â£9.99
Toy - Ram with heart tattoo,Stuffed toy bargain bin,false,,18921576033,,Ram with heart tattoo,ğŸ, Â£9.99
Toy - Pig looking up and left,Stuffed toy bargain bin,false,,15550756952,,Pig looking up and left,ğŸ·, Â£9.99
Toy - Seal with bad face,Stuffed toy bargain bin,false,,13346405325,,Seal with bad face,ğŸ¦­, Â£9.99
Toy - Aviation Bear,Stuffed toy bargain bin,false,,16506819134,,Aviation Bear,ğŸ», Â£9.99
Toy - Lion,Stuffed toy bargain bin,false,,19782458776,,Lion,ğŸ¦, Â£9.99
Toy - Royal Mail Bear,Stuffed toy bargain bin,false,,11822543264,,Royal Mail Bear,ğŸ“®, Â£9.99
Toy - Tomato with face,Stuffed toy bargain bin,false,,10042909025,,Tomato with face,ğŸ…, Â£9.99
Toy - My heart belongs to you rabbit,Stuffed toy bargain bin,false,,14409732165,,My heart belongs to you rabbit,â¤ï¸, Â£9.99
Toy - Green-blue ty bear (big),Stuffed toy bargain bin,false,,18500893815,,Green-blue ty bear (big),ğŸ’š, Â£9.99
Toy - 200TY bear (big),Stuffed toy bargain bin,false,,14755411915,,200TY bear (big),ğŸ’¯, Â£9.99
Toy - Dog with collar,Stuffed toy bargain bin,false,,15224051649,,Dog with collar,ğŸ•â€ğŸ¦º, Â£9.99
Toy - Dog with tongue out,Stuffed toy bargain bin,false,,13729737107,,Dog with tongue out,ğŸ˜›, Â£9.99
Toy - Rabbit with wallpaper feet,Stuffed toy bargain bin,false,,18343934310,,Rabbit with wallpaper feet,ğŸ°, Â£9.99
Toy - Small kangaroo,Stuffed toy bargain bin,false,,19423502079,,Small kangaroo,ğŸ¦˜, Â£9.99
Toy - Pig sitting sideways,Stuffed toy bargain bin,false,,15740894304,,Pig sitting sideways,ğŸ–, Â£9.99
Toy - Dalmatian,Stuffed toy bargain bin,false,,12040798438,,Dalmatian,ğŸ¾, Â£9.99
Toy - Rabbit with wallpaper feet 2,Stuffed toy bargain bin,false,,17014156913,,Rabbit with wallpaper feet 2,ğŸ‡, Â£9.99
Toy - Pink rabbit,Stuffed toy bargain bin,false,,18537522800,,Pink rabbit,ğŸ©·, Â£9.99
Toy - Mangy tiger,Stuffed toy bargain bin,false,,10776908525,,Mangy tiger,ğŸ…, Â£9.99
Toy - Frilly Cow,Stuffed toy bargain bin,false,,17077164458,,Frilly Cow,ğŸ„, Â£9.99
Toy - Boxing Gorilla,Stuffed toy bargain bin,false,,11374086438,,Boxing Gorilla,ğŸ¦, Â£9.99
Toy - Black ape with leather appendages,Stuffed toy bargain bin,false,,14935431938,,Black ape with leather appendages,ğŸ–¤, Â£9.99
Toy - Monkey with bow and shorts,Stuffed toy bargain bin,false,,10647413587,,Monkey with bow and shorts,ğŸ’, Â£9.99
Toy - Dog from basket,Stuffed toy bargain bin,false,,19068624986,,Dog from basket,ğŸ§º, Â£9.99
Toy - Puppy from basket 1,Stuffed toy bargain bin,false,,16551862248,,Puppy from basket 1,ğŸ¶, Â£9.99
Toy - Puppy from basket 2,Stuffed toy bargain bin,false,,14050876911,,Puppy from basket 2,ğŸ¾, Â£9.99
Toy - Small white bear with red ribbon,Stuffed toy bargain bin,false,,17380424546,,Small white bear with red ribbon,ğŸ¤, Â£9.99
Toy - Soft orange-brown bear with brown ribbon,Stuffed toy bargain bin,false,,11247774458,,Soft orange-brown bear with brown ribbon,ğŸ§¡, Â£9.99
Toy - Soft cream bear with red ribbon,Stuffed toy bargain bin,false,,10801140033,,Soft cream bear with red ribbon,ğŸ’›, Â£9.99
Toy - Blue ty bear,Stuffed toy bargain bin,false,,14565946562,,Blue ty bear,ğŸ’™, Â£9.99
Toy - Hard rock cafe honolulu bear,Stuffed toy bargain bin,false,,10758105679,,Hard rock cafe honolulu bear,ğŸ¸, Â£9.99
Toy - Generic rabbit-bear with yellow bow,Stuffed toy bargain bin,false,,12811863583,,Generic rabbit-bear with yellow bow,ğŸ§¸, Â£9.99
Toy - Dirty cream bear,Stuffed toy bargain bin,false,,13877407251,,Dirty cream bear,ğŸ»â€â„ï¸, Â£9.99
Toy - Bear in green dress,Stuffed toy bargain bin,false,,13426057992,,Bear in green dress,ğŸ’š, Â£9.99
Toy - Irish TY bear,Stuffed toy bargain bin,false,,19392371497,,Irish TY bear,â˜˜ï¸, Â£9.99
Toy - Breast Cancer Bear,Stuffed toy bargain bin,false,,17287434921,,Breast Cancer Bear,ğŸ—ï¸, Â£9.99
Toy - Ugly dog,Stuffed toy bargain bin,false,,14197305049,,Ugly dog,ğŸ‘¹, Â£9.99
Toy - Dome 2000 Bear,Stuffed toy bargain bin,false,,11027330722,,Dome 2000 Bear,ğŸ›ï¸, Â£9.99
Toy - Gangle bear flinging another bear,Stuffed toy bargain bin,false,,15643891171,,Gangle bear flinging another bear,ğŸ¤¸, Â£9.99
Toy - Duck wiith hat,Stuffed toy bargain bin,false,,11570353520,,Duck wiith hat,ğŸ©, Â£9.99
Toy - Classic Bear with bowtie,Stuffed toy bargain bin,false,,15592605369,,Classic Bear with bowtie,ğŸ€, Â£9.99
Toy - Farmer Rabbit,Stuffed toy bargain bin,false,,16273568132,,Farmer Rabbit,ğŸ§‘â€ğŸŒ¾, Â£9.99
Toy - Small classic bear with ribbon,Stuffed toy bargain bin,false,,18483172690,,Small classic bear with ribbon,ğŸ—ï¸, Â£9.99
Toy - Great dane with red collar,Stuffed toy bargain bin,false,,13245602561,,Great dane with red collar,â¤ï¸â€ğŸ©¹, Â£9.99
Toy - Small default bear ,Stuffed toy bargain bin,false,,14074716438,,Small default bear ,ğŸ», Â£9.99
Toy - Tiny cat with ribbon,Stuffed toy bargain bin,false,,16584284684,,Tiny cat with ribbon,ğŸˆ, Â£9.99
Toy - Green football beanie baby,Stuffed toy bargain bin,false,,17876583881,,Green football beanie baby,ğŸˆ, Â£9.99
Toy - Bear with yellow bow tie and patterned feet,Stuffed toy bargain bin,false,,14121769356,,Bear with yellow bow tie and patterned feet,ğŸ», Â£9.99
Toy - Lady (from Lady and the Tramp),Stuffed toy bargain bin,false,,10154074472,,Lady (from Lady and the Tramp),ğŸ•, Â£9.99
Toy - Purple Rabbit in suspenders,Stuffed toy bargain bin,false,,11766145257,,Purple Rabbit in suspenders,ğŸ‡, Â£9.99
Toy - Ugly Dog 2,Stuffed toy bargain bin,false,,12496899678,,Ugly Dog 2,ğŸ‘º, Â£9.99
Toy - Pink spotty rabbit,Stuffed toy bargain bin,false,,18613891979,,Pink spotty rabbit,ğŸŒ¸, Â£9.99
Toy - Lady (from Lady and the Tramp) 2 - with label,Stuffed toy bargain bin,false,,10514870627,,Lady (from Lady and the Tramp) 2 - with label,ğŸ¦®, Â£9.99
Toy - Aviation bear with jacket too big,Stuffed toy bargain bin,false,,16692560533,,Aviation bear with jacket too big,âœˆï¸, Â£9.99
Toy - Pink Rabbit with ribbon,Stuffed toy bargain bin,false,,19563297747,,Pink Rabbit with ribbon,ğŸ€, Â£9.99
Toy - Bear in hood,Stuffed toy bargain bin,false,,19723534484,,Bear in hood,ğŸ§¥, Â£9.99
"Toy - Bear with ""Happy Bear"" on feet",Stuffed toy bargain bin,false,,18870727959,,"Bear with ""Happy Bear"" on feet",ğŸ˜„, Â£9.99
Toy - Bear with Christmas hat,Stuffed toy bargain bin,false,,17525089636,,Bear with Christmas hat,ğŸ…, Â£9.99
Toy - Decapitated bear,Stuffed toy bargain bin,false,,19010502639,,Decapitated bear,âœ‚ï¸, Â£9.99
Toy - 2002 Fifa World Cup Bear,Stuffed toy bargain bin,false,,14166443706,,2002 Fifa World Cup Bear,âš½, Â£9.99
Toy - Connoseuir Bear Collection Bear,Stuffed toy bargain bin,false,,11455916102,,Connoseuir Bear Collection Bear,ğŸ§, Â£9.99
Toy - Eeyore,Stuffed toy bargain bin,false,,13563263525,,Eeyore,ğŸ«, Â£9.99
Toy - Andrex Dog,Stuffed toy bargain bin,false,,15931934818,,Andrex Dog,ğŸ§», Â£9.99
Toy - Bugs life ant,Stuffed toy bargain bin,false,,10651068826,,Bugs life ant,ğŸœ, Â£9.99
Toy - Hard christmas bear,Stuffed toy bargain bin,false,,15245979790,,Hard christmas bear,ğŸ»â€â„ï¸, Â£9.99
Toy - Hard white bear,Stuffed toy bargain bin,false,,13213527278,,Hard white bear,ğŸ»â€â„ï¸, Â£9.99
Toy - Small tabby cat,Stuffed toy bargain bin,false,,15871495094,,Small tabby cat,ğŸ˜¼, Â£9.99
Toy - Orange TY bear,Stuffed toy bargain bin,false,,15544057651,,Orange TY bear,ğŸ§¸, Â£9.99
Fish - Shrimp,Fish counter,false, Small?,25277759410,,Shrimp,ğŸ¦, Â£9.99
Biscuits,Fish counter,false,Probably?,21909488436,,Biscuits,ğŸª, Â£9.99
Spiders - Can 1 tbc,Spiders,false,,30901119753,,qq 1,ğŸ•·ï¸, Â£9.99
Spiders - Can 2 tbc,Spiders,false,,35382222523,,qq 2,ğŸ•·ï¸, Â£9.99
Spiders - Can 3 tbc,Spiders,false,,37487631170,,qq 3,ğŸ•·ï¸, Â£9.99
Spiders - Can 4 tbc,Spiders,false,,36321484008,,qq 3,ğŸ•·ï¸, Â£9.99
Cloudy bottle 1,Cloudy bottles,true,,41643647779,,,ğŸ¾, Â£9.99
Cloudy bottle 2,Cloudy bottles,true,,43265511723,,,ğŸ¾, Â£9.99
Cloudy bottle 3,Cloudy bottles,true,,44811944649,,,ğŸ¾, Â£9.99
Cloudy bottle 4,Cloudy bottles,true,,46238363281,,,ğŸ¾, Â£9.99
Cloudy bottle 5,Cloudy bottles,true,,48929411003,,,ğŸ¾, Â£9.99
Cloudy bottle 6,Cloudy bottles,true,,43458414950,,,ğŸ¾, Â£9.99
Cloudy bottle 7,Cloudy bottles,true,,42115242058,,,ğŸ¾, Â£9.99
Cloudy bottle 8,Cloudy bottles,true,,44076566442,,,ğŸ¾, Â£9.99
Cloudy bottle 9,Cloudy bottles,true,,41718935937,,,ğŸ¾, Â£9.99
Cloudy bottle 10,Cloudy bottles,true,,42948612044,,,ğŸ¾, Â£9.99
Cloudy bottle 11,Cloudy bottles,true,,47934302729,,,ğŸ¾, Â£9.99
Cloudy bottle 12,Cloudy bottles,true,,49129171068,,,ğŸ¾, Â£9.99
Alcohol 1,Challenge 75,false,,68892163345,,Booze,ğŸ·, Â£9.99
Alcohol 2,Challenge 75,false,,61220782309,,More booze,ğŸº, Â£9.99
Alcohol 3,Challenge 75,false,,66108639075,,Tasty booze,ğŸ¥ƒ, Â£9.99
Innocent Smoothie Large,NO PUZZLE,false,,02677402218,,,ğŸ¥¤, Â£9.99
Innocent Smoothie Small,NO PUZZLE,false,,06230935394,,,ğŸ§ƒ, Â£9.99
Eggbox 1,Eggbox,true,,87377604543,,,ğŸ¥š, Â£9.99
Eggbox 2,Eggbox,true,,87140917429,,,ğŸ¥š, Â£9.99
Eggbox 3,Eggbox,true,,89682814640,,,ğŸ¥š, Â£9.99
Eggbox 4,Eggbox,true,,83479001742,,,ğŸ¥š, Â£9.99
Eggbox 5,Eggbox,true,,82982988540,,,ğŸ¥š, Â£9.99
Eggbox 6,Eggbox,true,,82004527303,,,ğŸ¥š, Â£9.99
Eggbox 7,Eggbox,true,,86535838013,,,ğŸ¥š, Â£9.99
Eggbox 8,Eggbox,true,,87115936454,,,ğŸ¥š, Â£9.99
Eggbox 9,Eggbox,true,,87094019215,,,ğŸ¥š, Â£9.99
Eggbox 10,Eggbox,true,,89487082929,,,ğŸ¥š, Â£9.99
Eggbox 11,Eggbox,true,,84134061708,,,ğŸ¥š, Â£9.99
Eggbox 12,Eggbox,true,,81157308547,,,ğŸ¥š, Â£9.99
Endoscope,Barcode Tea Halves,true,For lolz,70844444597,,Zendoscope,ğŸ©º, Â£9.99
Checkout,NO PUZZLE,false,For lolz,02961192512,,Checkout,ğŸ›’, Â£9.99
